"","Station","NMDS1","NMDS2"
"1","BRL1",-0.0504699677361955,-0.472279241340608
"2","CBS2",0.257441836281646,-0.0816410111928622
"3","CT",0.751866581535136,0.00834844751757984
"4","FWC1",-0.641980390112543,-0.0309890945819772
"5","RCR2",-0.171481388642002,0.295917840841967
"6","TPPL",0.0866895045037557,0.257455274071684
