"","Station","NMDS1","NMDS2"
"1","BRL1",-0.0285108726351384,-0.475705880903337
"2","CBS2",0.255020036668681,-0.0742163424136012
"3","CT",0.744115387834552,0.0282708130515861
"4","FWC1",-0.636656698276765,-0.0526082531842029
"5","RCR2",-0.182220748123775,0.304485034341613
"6","TPPL",0.0803351846235487,0.249872484425695
